ticker,spot,vol_30d,corr_3m,corr_6m,corr_12m,put_pct_3m,put_pct_6m,put_pct_12m,hedge_cost_3m,hedge_cost_6m,hedge_cost_12m,ytd_return,1y_return,score_long,score_short
WEAT,21.9900,0.230343,-0.333208,-0.222495,-0.161416,0.054321,0.071063,0.089653,13580.28,17765.65,22413.18,0.099500,-0.167045,0.523473,0.237838
COLD,13.0500,0.533963,-0.307112,-0.221788,-0.145279,0.135206,0.182186,0.239665,33801.39,45546.42,59916.29,0.008501,-0.448893,0.328181,0.099033
VALE,16.9900,0.426245,-0.304199,-0.209199,-0.117132,0.107603,0.144830,0.190257,26900.82,36207.49,47564.27,0.281297,0.564174,0.407240,0.188954
RVMD,101.6200,0.588027,-0.302367,-0.201278,-0.130745,0.148738,0.200328,0.263345,37184.41,50081.92,65836.23,0.286004,2.444746,0.280541,0.062825
XLY,115.4200,0.163566,-0.268805,-0.133848,-0.003902,0.035904,0.045565,0.055027,8976.05,11391.24,13756.75,-0.024757,0.286286,0.479239,0.283901
EWT,75.0700,0.239707,-0.256808,-0.150731,-0.019514,0.056919,0.074677,0.094606,14229.67,18669.26,23651.41,0.159024,0.714817,0.479268,0.281742
EWZ,38.6400,0.271410,-0.253101,-0.198943,-0.117158,0.065731,0.086962,0.111496,16432.77,21740.42,27873.88,0.200000,0.334666,0.494800,0.265135
EWY,147.5400,0.365768,-0.236410,-0.180694,-0.101806,0.091636,0.122965,0.160867,22908.97,30741.29,40216.68,0.443357,1.354589,0.432626,0.259852
REXR,37.6500,0.282502,-0.232578,-0.145180,0.010696,0.068820,0.091275,0.117443,17205.01,22818.73,29360.86,-0.035357,-0.226326,0.468623,0.290919
EEM,61.5000,0.185036,-0.211733,-0.158335,-0.054877,0.041800,0.053697,0.065997,10450.03,13424.28,16499.14,0.093528,0.596682,0.473485,0.289143
BHP,83.0100,0.356092,-0.205060,-0.109792,-0.035114,0.089040,0.119389,0.156020,22260.12,29847.33,39004.99,0.344074,0.537664,0.415248,0.292757
PLAY,14.2400,0.671095,-0.203341,-0.051964,0.033926,0.169167,0.227522,0.298479,42291.70,56880.39,74619.76,-0.164319,-0.767700,0.153049,0.062575
HYG,80.2800,0.025916,-0.201272,-0.116788,0.014764,0.001407,0.000911,0.000372,351.80,227.72,92.93,0.000085,0.164142,0.454615,0.301896
IBKR,71.6700,0.454980,-0.201250,-0.150214,-0.037176,0.115060,0.154971,0.203763,28764.94,38742.85,50940.73,0.067187,1.611368,0.341981,0.208856
MOO,85.2000,0.142168,-0.197685,-0.149723,-0.052366,0.030065,0.037554,0.044322,7516.20,9388.39,11080.48,0.156352,0.254095,0.468886,0.294654
LAC,5.1200,0.821616,-0.197128,-0.134242,-0.107808,0.205166,0.274892,0.358657,51291.57,68723.06,89664.36,0.073375,-0.057090,0.080199,-0.068845
RIO,99.6100,0.364450,-0.195601,-0.097123,-0.039876,0.091283,0.122480,0.160210,22820.82,30619.93,40052.38,0.223259,0.747482,0.404751,0.289839
CMC,73.6000,0.307082,-0.192032,-0.010454,0.021539,0.075668,0.100844,0.130661,18916.97,25211.06,32665.16,0.027653,0.423947,0.431088,0.321909
NTRA,200.1700,0.436634,-0.191971,-0.050204,-0.008759,0.110308,0.148513,0.195171,27576.97,37128.28,48792.66,-0.125284,1.218934,0.336284,0.243485
DBA,25.9900,0.049246,-0.186283,-0.066815,-0.024992,0.006010,0.005875,0.004784,1502.59,1468.75,1196.00,0.016823,0.248469,0.449775,0.311591
EFA,103.3000,0.145041,-0.174679,-0.092245,0.017168,0.030846,0.038623,0.045743,7711.59,9655.69,11435.87,0.064510,0.418301,0.447537,0.315957
STLD,201.5100,0.399454,-0.171942,-0.038334,0.002224,0.100580,0.135239,0.177414,25144.91,33809.70,44353.39,0.144553,0.592697,0.357862,0.280836
LIT,75.2200,0.331179,-0.167968,-0.073984,-0.025025,0.082294,0.110061,0.143314,20573.62,27515.30,35828.60,0.135054,0.669274,0.419679,0.313438
SOYB,23.6900,0.092695,-0.166615,-0.089221,-0.033946,0.016821,0.019670,0.021075,4205.28,4917.41,5268.64,0.085701,-0.026705,0.450278,0.313415
VWO,57.2400,0.150674,-0.164903,-0.120497,-0.028514,0.032381,0.040725,0.048545,8095.22,10181.25,12136.33,0.042054,0.468308,0.453850,0.309547
CLF,11.4000,0.835169,-0.159340,-0.019629,0.019399,0.208347,0.279044,0.363868,52086.65,69760.94,90967.10,-0.161765,-0.441724,0.040839,-0.034907
RJF,154.4200,0.359140,0.157907,0.131646,0.130845,0.089859,0.120518,0.157552,22464.84,30129.57,39387.88,-0.056113,0.312840,0.269247,0.433863
IONS,81.9600,0.296864,0.156728,-0.057201,-0.000255,0.072823,0.096870,0.125170,18205.84,24217.38,31292.58,0.028744,0.826610,0.358934,0.400087
PRCT,25.9000,0.729229,0.155963,0.176450,0.132113,0.183221,0.246097,0.322233,45805.18,61524.37,80558.32,-0.157997,-0.458838,-0.025192,0.152147
GMED,93.8000,0.237097,0.154494,0.121684,0.083109,0.056194,0.073669,0.093223,14048.62,18417.25,23305.87,0.074456,0.699275,0.325360,0.435734
RRC,41.8800,0.373085,-0.148147,-0.152443,-0.090266,0.093590,0.125654,0.164503,23397.59,31413.39,41125.65,0.186402,0.320294,0.399310,0.281451
CLSK,10.5500,1.128265,-0.146308,-0.122351,-0.068893,0.274808,0.364529,0.468761,68701.98,91132.15,117190.24,-0.086580,-0.359441,0.061819,-0.061819
MIDD,164.9900,0.294414,0.138903,0.082681,0.068459,0.072140,0.095915,0.123850,18035.06,23978.63,30962.60,0.094316,0.071364,0.335581,0.423529
BITF,2.1500,1.078686,-0.137869,-0.098930,-0.066258,0.263869,0.350629,0.452033,65967.23,87657.25,113008.20,-0.173077,-0.182510,0.055933,-0.055933
WES,42.0900,0.228688,0.136133,0.050729,0.001269,0.053862,0.070424,0.088779,13465.57,17606.12,22194.79,0.083448,0.493319,0.348912,0.412451
QQQ,608.0900,0.171939,-0.134818,-0.072673,0.011916,0.038200,0.048727,0.059282,9549.95,12181.72,14820.40,-0.008204,0.384636,0.434890,0.328062
VRNS,23.0800,0.813977,-0.134485,-0.117294,-0.069479,0.203369,0.272544,0.355706,50842.34,68136.06,88926.41,-0.279650,-0.542880,0.058163,-0.043754
WOOD,76.5600,0.209102,-0.133713,-0.085639,0.008921,0.048440,0.062893,0.078492,12110.06,15723.29,19622.92,0.050782,0.003682,0.436362,0.325599
PATK,123.8200,0.337800,-0.132748,-0.054499,-0.008053,0.084097,0.112559,0.146725,21024.23,28139.66,36681.34,0.125117,0.588406,0.400901,0.326808
MARA,9.4500,1.109281,-0.132208,-0.111002,-0.044654,0.270634,0.359233,0.462403,67658.42,89808.20,115600.81,-0.046418,-0.632439,0.054168,-0.054168
XLB,53.2500,0.184431,-0.131903,-0.050055,0.021368,0.041634,0.053467,0.065685,10408.38,13366.71,16421.19,0.154597,0.248229,0.429669,0.332975
CBOE,297.4900,0.219424,-0.130557,-0.106519,-0.038562,0.051296,0.066858,0.083902,12823.99,16714.42,20975.42,0.201985,0.598559,0.443299,0.318352
XLP,88.7100,0.138057,-0.129711,-0.095703,-0.023181,0.028948,0.036028,0.042298,7237.10,9007.04,10574.59,0.141846,0.257304,0.440902,0.322699
CFLT,30.7000,0.033465,0.128218,0.056926,0.060818,0.002696,0.002151,0.001258,674.11,537.82,314.44,0.019595,-0.110918,0.342666,0.416017
IREN,41.3900,1.170409,-0.125133,-0.201347,-0.143920,0.284012,0.376170,0.482667,71003.02,94042.49,120666.80,-0.030679,6.261404,0.075877,-0.075877
SQM,75.6300,0.528365,-0.125121,-0.031426,-0.005759,0.133793,0.180286,0.237174,33448.26,45071.45,59293.47,0.084612,0.578417,0.244535,0.191395
BXP,56.2400,0.379340,-0.124403,-0.091245,-0.022752,0.095256,0.127942,0.167592,23813.94,31985.38,41897.91,-0.170746,-0.049576,0.372443,0.298318
PICK,64.3600,0.355101,-0.123738,-0.071507,-0.016802,0.088774,0.119021,0.155521,22193.44,29755.37,38880.17,0.229183,0.730724,0.388140,0.321458
XLC,117.8700,0.155312,-0.123290,-0.026154,0.028124,0.033647,0.042462,0.050867,8411.71,10615.51,12716.72,0.008298,0.527416,0.423588,0.339721
DOCN,58.2400,0.771406,0.120613,0.027556,-0.039708,0.193297,0.259351,0.339059,48324.36,64837.80,84764.80,0.189300,0.504521,-0.008824,0.071807
DDOG,111.1100,0.797893,-0.119084,-0.105161,-0.018043,0.199576,0.267581,0.349456,49893.88,66895.29,87363.88,-0.169395,-0.149690,0.048829,-0.025870
VUG,462.2400,0.175536,-0.118124,-0.065573,0.013406,0.039188,0.050089,0.061119,9796.88,12522.28,15279.73,-0.049280,0.364423,0.429459,0.333407
PATH,10.7000,0.591251,0.116926,0.120681,0.112274,0.149538,0.201398,0.264736,37384.60,50349.49,66183.96,-0.326196,-0.547760,0.100631,0.237753
LQD,110.9200,0.041706,-0.115902,-0.005299,0.011615,0.004350,0.003946,0.002850,1087.54,986.40,712.58,0.010628,0.121393,0.418766,0.341548
TNDM,25.2300,0.990451,0.115424,0.127650,0.088207,0.244100,0.325337,0.421258,61024.99,81334.15,105314.51,0.170766,-0.189788,-0.056824,0.056824
REMX,103.2000,0.556363,-0.113010,-0.059257,-0.020547,0.140836,0.189747,0.249559,35209.02,47436.80,62389.66,0.344100,1.039059,0.225396,0.167005
SPY,686.3800,0.126885,-0.111875,-0.059655,0.030225,0.025926,0.031911,0.036865,6481.40,7977.66,9216.33,0.004699,0.372922,0.425760,0.337971
EWJ,90.2000,0.203896,-0.106691,-0.048874,0.050879,0.047002,0.060898,0.075774,11750.39,15224.48,18943.45,0.109062,0.380355,0.419972,0.342140
EQT,61.6400,0.347686,-0.106402,-0.120031,-0.103493,0.086775,0.116262,0.151771,21693.70,29065.51,37942.69,0.156262,0.688562,0.405718,0.313958
MEDP,457.4700,0.585170,0.105564,0.085430,0.032487,0.148027,0.199378,0.262110,37006.79,49844.45,65527.48,-0.198855,0.136995,0.121437,0.226346
WTS,325.7100,0.291627,-0.104104,0.022764,0.059691,0.071363,0.094828,0.122349,17840.76,23707.03,30587.35,0.171024,0.603048,0.406248,0.352964
XME,122.0600,0.433811,-0.101367,0.001748,0.005648,0.109574,0.147514,0.193839,27393.46,36878.50,48459.69,0.135125,1.146479,0.306629,0.277600
IRTC,128.4600,0.474884,-0.100727,-0.059580,0.045711,0.120183,0.161916,0.212971,30045.64,40479.10,53242.66,-0.266864,0.177992,0.279320,0.240225
QLYS,94.5900,0.630164,0.100407,0.028200,0.080851,0.159153,0.214221,0.281348,39788.29,53555.20,70337.03,-0.277994,-0.439500,0.091788,0.186622
PODD,245.4500,0.326937,0.098833,0.091118,0.130614,0.081136,0.108453,0.141115,20283.91,27113.37,35278.70,-0.132440,0.462579,0.316085,0.420508
CNX,41.8900,0.377246,-0.098177,-0.108937,-0.073177,0.094699,0.127177,0.166559,23674.70,31794.16,41639.87,0.148930,0.953825,0.375256,0.298851
CTRA,31.5100,0.311341,-0.097981,-0.076689,-0.052899,0.076847,0.102489,0.132927,19211.82,25622.25,33231.68,0.184586,0.271480,0.421481,0.327977
RIOT,16.4300,1.065433,-0.096635,-0.139461,-0.073862,0.260924,0.346876,0.447493,65231.10,86718.95,111873.27,0.160311,0.218843,0.052464,-0.052464
SITE,141.8600,0.434452,-0.096369,0.023729,0.095987,0.109741,0.147741,0.194141,27435.15,36935.25,48535.36,0.134336,-0.189371,0.292543,0.290674
SILJ,39.9500,0.820566,-0.096195,-0.038808,-0.045541,0.204919,0.274570,0.358252,51229.85,68642.45,89563.06,0.455373,4.001183,0.034424,-0.022650
WULF,16.0200,1.133210,-0.095761,-0.112258,-0.107996,0.275892,0.365903,0.470408,68973.10,91475.70,117601.88,0.257457,7.387435,0.051579,-0.051579
MSTR,137.6500,1.115797,-0.095580,-0.110296,-0.050034,0.272068,0.361054,0.464592,68017.10,90263.53,116148.00,-0.124141,0.031851,0.045443,-0.045443
GLD,490.0000,0.488910,0.093613,0.074642,0.050607,0.123773,0.166774,0.219391,30943.27,41693.42,54847.86,0.230290,1.499873,0.199116,0.298437
PJT,147.9900,0.352814,0.093233,0.026710,0.048487,0.088158,0.118172,0.154367,22039.55,29543.04,38591.84,-0.127109,0.476869,0.314474,0.398801
LULU,176.1700,0.478353,-0.093019,-0.052280,-0.014099,0.121072,0.163120,0.214564,30268.01,40780.12,53640.94,-0.164319,-0.609197,0.279557,0.234544
ATKR,65.4100,0.288889,-0.092282,-0.018445,0.142159,0.070600,0.093762,0.120876,17650.00,23440.43,30219.11,0.020261,-0.607036,0.401277,0.358034
TXRH,180.1900,0.238916,-0.089990,-0.080858,0.024706,0.056699,0.074371,0.094186,14174.76,18592.83,23546.59,0.051529,0.240787,0.422673,0.338362
NOV,20.0300,0.375022,-0.089928,-0.075467,0.009257,0.094107,0.126363,0.165461,23526.64,31590.75,41365.23,0.220597,0.254970,0.361708,0.315955
FANG,178.9600,0.310675,-0.089883,-0.090346,0.001746,0.076663,0.102232,0.132573,19165.79,25558.10,33143.35,0.174741,0.056732,0.416583,0.333427
CROX,86.8500,0.602736,-0.088919,-0.036182,-0.042056,0.152386,0.205201,0.269673,38096.51,51300.28,67418.22,-0.001150,-0.302914,0.182189,0.138464
URBN,65.6900,0.358703,0.088730,0.117467,0.111672,0.089742,0.120357,0.157332,22435.52,30089.16,39333.08,-0.128086,0.523776,0.290936,0.412875
XLK,139.5400,0.252550,-0.087226,-0.061367,0.007838,0.060485,0.079645,0.101427,15121.35,19911.31,25356.63,-0.032987,0.341547,0.420519,0.340064
TECK,57.1900,0.559064,-0.084720,-0.106560,-0.041660,0.141513,0.190655,0.250744,35378.17,47663.64,62685.88,0.190714,0.485038,0.225435,0.162775
PPLT,209.7800,0.853800,-0.083715,-0.074509,-0.082723,0.212703,0.284721,0.370978,53175.72,71180.34,92744.54,0.078560,1.537559,0.040377,-0.040377
RS,322.8500,0.262964,-0.083436,0.026538,0.054587,0.063381,0.083683,0.106979,15845.24,20920.63,26744.84,0.091373,0.035353,0.401534,0.358695
CORN,17.8300,0.093279,-0.082826,-0.115561,-0.058598,0.016974,0.019872,0.021330,4243.47,4968.06,5332.43,0.011344,-0.088912,0.435751,0.327950
CAVA,78.4900,0.878619,-0.082276,-0.039675,0.020497,0.218477,0.292232,0.380353,54619.32,73057.88,95088.16,0.296284,0.353976,0.024471,-0.024471
COPX,93.6000,0.560211,-0.082276,-0.085717,-0.035278,0.141800,0.191040,0.251246,35449.97,47759.92,62811.56,0.281139,1.678573,0.220170,0.166261
SWK,84.0400,0.385192,-0.081524,-0.004848,0.038872,0.096810,0.130074,0.170466,24202.40,32518.47,42616.62,0.098993,0.017193,0.337930,0.323488
MP,63.7300,0.761801,-0.081049,0.024057,-0.048176,0.191011,0.256349,0.335257,47752.82,64087.26,83814.22,0.159360,3.103670,0.050234,0.027291
TLT,89.6100,0.098435,-0.080471,0.033464,0.010221,0.018329,0.021674,0.023610,4582.15,5418.50,5902.59,0.033583,0.033014,0.405957,0.357805
CANE,9.2800,0.185086,0.080077,-0.006497,-0.026325,0.041814,0.053716,0.066023,10453.50,13429.08,16505.63,-0.031315,-0.264076,0.374901,0.387726
HUT,52.7200,1.084276,-0.079714,-0.093513,-0.071638,0.265108,0.352207,0.453939,66277.09,88051.84,113484.76,0.028282,5.306221,0.041119,-0.041119
TTC,100.2900,0.179059,-0.077841,0.012304,0.034044,0.040156,0.051426,0.062924,10038.97,12856.41,15730.98,0.250967,0.102196,0.405600,0.357180
NVCR,13.5200,1.142356,-0.076832,-0.027259,-0.014520,0.277895,0.368439,0.473443,69473.77,92109.69,118360.65,0.030488,-0.177115,0.024749,-0.024749
RPD,6.2600,1.084343,0.076462,0.108214,0.151286,0.265123,0.352226,0.453962,66280.81,88056.58,113490.48,-0.561317,-0.893556,-0.050476,0.050476
CCI,89.5300,0.431728,-0.075580,-0.036489,0.009085,0.109032,0.146776,0.192855,27257.97,36694.02,48213.65,0.009357,-0.114392,0.307221,0.280301
ATI,166.4200,0.258226,-0.074894,0.033086,0.066768,0.062063,0.081845,0.104451,15515.80,20461.19,26112.66,0.396141,2.341096,0.397279,0.363112
SF,75.5700,0.368732,0.074559,0.063370,0.095477,0.092429,0.124056,0.162343,23107.15,31014.00,40585.71,-0.116554,0.542766,0.296171,0.391557
FR,63.5000,0.195545,-0.074300,0.036195,0.071306,0.044696,0.057704,0.071430,11174.04,14425.94,17857.58,0.096718,0.274303,0.397189,0.365158
VNQ,95.9300,0.135898,-0.072192,-0.006925,0.059380,0.028363,0.035229,0.041241,7090.76,8807.33,10310.20,0.083710,0.186274,0.404964,0.358666
SBAC,198.9200,0.320785,-0.070399,-0.037391,0.025166,0.079450,0.106112,0.137905,19862.43,26527.88,34476.26,0.033458,-0.024791,0.393203,0.348448
GNRC,230.3800,0.602046,-0.069445,0.009843,0.052131,0.152215,0.204973,0.269377,38053.79,51243.25,67344.25,0.632743,1.034800,0.161531,0.160187
SRPT,16.3200,0.680422,0.068812,-0.006555,-0.043883,0.171435,0.230526,0.302335,42858.65,57631.57,75583.71,-0.234162,-0.868260,0.078848,0.122511
VIRT,42.7300,0.360909,0.068586,0.010834,0.036011,0.090334,0.121173,0.158439,22583.55,30293.15,39609.65,0.318316,1.393959,0.317762,0.382508
SIL,116.9900,0.752934,-0.068415,-0.020027,-0.033254,0.188896,0.253569,0.331731,47224.06,63392.27,82932.82,0.409348,3.954588,0.058915,0.032049
UGA,75.7300,0.310237,-0.067808,-0.119909,-0.080329,0.076542,0.102063,0.132341,19135.47,25515.83,33085.14,0.236206,0.129119,0.424064,0.326311
XLRE,43.9200,0.144286,-0.067623,-0.016646,0.052272,0.030641,0.038341,0.045369,7660.17,9585.32,11342.25,0.087667,0.176065,0.405929,0.357578
EAT,142.4100,0.436012,-0.067336,0.016096,0.025791,0.110146,0.148293,0.194877,27536.53,37073.24,48719.31,-0.060124,2.044250,0.292217,0.288535
BILL,44.1900,1.127122,-0.067165,-0.026534,0.027813,0.274557,0.364211,0.468380,68639.28,91052.67,117094.97,-0.125989,-0.325549,0.017990,-0.017990
SOXX,352.0500,0.335270,-0.066712,-0.043113,0.015782,0.083409,0.111606,0.145425,20852.21,27901.42,36356.17,0.122286,0.559060,0.382346,0.347428
URA,56.4500,0.607940,-0.066278,-0.005526,0.011273,0.153673,0.206919,0.271900,38418.36,51729.76,67975.05,0.225575,1.194905,0.162585,0.150043
JACK,15.4200,0.810479,0.064720,0.122408,0.099430,0.202545,0.271467,0.354350,50636.33,67866.73,88587.54,-0.176282,-0.783967,-0.044484,0.060293
PIPR,304.3500,0.532259,0.063795,0.064496,0.096312,0.134776,0.181608,0.238908,33694.02,45402.03,59727.01,-0.130354,0.638754,0.169678,0.260186
NCNO,16.1300,0.647824,-0.063134,0.038554,0.090145,0.163486,0.219983,0.288782,40871.49,54995.65,72195.41,-0.345639,-0.462871,0.116627,0.134656
EQIX,966.1000,0.361823,0.062375,0.068952,0.044836,0.090579,0.121510,0.158896,22644.80,30377.53,39724.01,0.271238,0.104249,0.308982,0.389822
CYBR,408.8500,0.351221,0.062236,0.040773,-0.046558,0.087729,0.117580,0.153562,21932.21,29394.89,38390.53,-0.060806,0.543238,0.330899,0.384938
KRC,29.6700,0.365135,-0.061844,0.003582,0.033851,0.091467,0.122732,0.160551,22866.63,30683.00,40137.78,-0.219621,-0.101162,0.348285,0.345208
IEF,97.1200,0.048596,-0.061016,0.031117,0.012426,0.005863,0.005700,0.004602,1465.71,1424.95,1150.42,0.014122,0.107470,0.399988,0.361300
S,13.1300,0.536565,-0.060922,0.008654,0.118373,0.135862,0.183068,0.240821,33965.38,45766.88,60205.19,-0.103142,-0.515140,0.203677,0.219486
LPLA,306.0000,0.512122,0.058782,0.056511,0.067562,0.129682,0.174750,0.229902,32420.52,43687.40,57475.46,-0.153831,0.152374,0.190700,0.270556
ZS,148.5800,0.717400,-0.057951,-0.023017,0.032428,0.180377,0.242347,0.317453,45094.19,60586.75,79363.35,-0.326382,-0.306414,0.077172,0.067777
SCCO,218.8500,0.670596,-0.056469,-0.079632,-0.050295,0.169045,0.227360,0.298272,42261.31,56840.11,74568.03,0.490786,1.935135,0.129285,0.087102
XLF,51.3000,0.198989,0.055257,0.050159,0.076716,0.045647,0.059020,0.073219,11411.65,14755.04,18304.81,-0.066084,0.308022,0.362116,0.400136
ANF,97.8500,0.414702,-0.054268,-0.021726,-0.012841,0.104586,0.140714,0.184755,26146.49,35178.60,46188.67,-0.209229,-0.287327,0.315351,0.299130
USO,87.1900,0.359518,-0.054181,-0.115947,-0.049940,0.089961,0.120658,0.157741,22490.23,30164.56,39435.33,0.264356,0.178084,0.377183,0.325320
BRZE,18.6250,0.778288,0.053204,0.089480,0.095650,0.194932,0.261497,0.341773,48733.10,65374.13,85443.27,-0.427803,-0.669945,-0.020002,0.072574
AA,64.0800,0.573585,-0.053119,0.007581,0.026983,0.145142,0.195517,0.257085,36285.47,48879.31,64271.29,0.133357,1.380971,0.182297,0.183409
BIRK,42.5200,0.436358,-0.052625,-0.004581,0.045563,0.110236,0.148415,0.195040,27558.98,37103.80,48760.04,0.017955,-0.153662,0.289390,0.290816
CRWD,384.8600,0.620506,-0.052032,0.020988,0.049639,0.156776,0.211055,0.277255,39193.89,52763.66,69313.79,-0.151506,0.226411,0.141530,0.151738
INDA,50.9500,0.174538,-0.051239,-0.039589,0.068339,0.038914,0.049711,0.060609,9728.38,12427.77,15152.20,-0.066166,-0.011393,0.403359,0.359531
POOL,222.0000,0.526238,0.050808,0.088141,0.127759,0.133256,0.179563,0.236226,33314.00,44890.78,59056.43,-0.033564,-0.431690,0.170922,0.268320
TENB,19.6400,0.656555,-0.050772,-0.013286,0.053668,0.165621,0.222818,0.292433,41405.28,55704.55,73108.23,-0.135944,-0.588777,0.118265,0.119627
VNO,27.3800,0.356585,-0.050172,-0.051689,0.030539,0.089173,0.119572,0.156268,22293.27,29893.05,39067.04,-0.181465,0.082429,0.360849,0.346364
IWO,338.5100,0.212822,0.048807,0.085639,0.084596,0.049469,0.064321,0.080438,12367.22,16080.15,20109.53,0.034819,0.277437,0.357418,0.404433
ESTC,52.9200,0.779333,0.048528,0.065550,0.056541,0.195180,0.261822,0.342184,48795.11,65455.46,85546.10,-0.270673,-0.511808,-0.012123,0.063115
PALL,160.9600,0.691374,0.047865,0.066729,0.034806,0.174091,0.234043,0.306841,43522.82,58510.67,76710.17,0.080414,0.818963,0.056857,0.127770
DENN,6.2500,0.021823,-0.047244,0.002806,-0.040588,0.000841,0.000448,0.000130,210.33,112.12,32.38,0.006441,-0.317686,0.402916,0.352018
EVR,314.4800,0.475198,0.047216,0.052303,0.076329,0.120263,0.162025,0.213115,30065.79,40506.37,53278.76,-0.102428,0.688914,0.222244,0.296808
BNO,37.3400,0.356881,-0.046546,-0.110941,-0.049397,0.089253,0.119682,0.156417,22313.17,29920.49,39104.27,0.321770,0.240532,0.376586,0.330151
HOOD,78.7800,0.811676,0.046319,0.017627,0.034455,0.202828,0.271836,0.354814,50706.88,67958.97,88703.62,-0.316205,3.737222,-0.017669,0.032999
HUBS,263.6000,0.864437,0.044256,0.074933,0.107786,0.215182,0.287947,0.375009,53795.40,71986.85,93752.31,-0.310363,-0.580729,-0.033083,0.033083
DVN,44.9500,0.274976,-0.044037,-0.055276,0.016978,0.066724,0.088348,0.113406,16680.99,22086.94,28351.50,0.186955,0.077885,0.407507,0.352302
CW,726.4800,0.372534,-0.043540,0.006452,-0.005019,0.093444,0.125452,0.164230,23360.88,31362.93,41057.47,0.269227,2.040154,0.341240,0.340402
SLG,37.5900,0.424889,-0.043421,-0.027420,0.024037,0.107249,0.144348,0.189613,26812.37,36086.93,47403.26,-0.199531,-0.147756,0.301735,0.296606
DTM,141.4300,0.165326,-0.043092,-0.018709,0.022626,0.036387,0.046229,0.055919,9096.63,11557.19,13979.74,0.168940,1.628281,0.402868,0.360234
IWR,103.1900,0.140645,-0.042370,0.007080,0.061744,0.029651,0.036988,0.043571,7412.74,9246.95,10892.71,0.060317,0.298047,0.395138,0.368425
CRL,178.6100,0.519016,-0.042199,0.000281,0.058896,0.131429,0.177104,0.232996,32857.29,44275.91,58249.08,-0.117627,-0.310173,0.219868,0.230632
GDXJ,155.0300,0.736423,-0.041974,-0.015142,-0.038600,0.184947,0.248371,0.325127,46236.63,62092.81,81281.79,0.369523,3.681618,0.064636,0.051386
RBC,584.8900,0.186763,0.041891,0.145666,0.115679,0.042276,0.054355,0.066887,10568.95,13588.69,16721.80,0.274853,1.201317,0.347401,0.415182
IRM,110.3300,0.387165,-0.041840,-0.030111,0.018853,0.097333,0.130791,0.171432,24333.14,32697.77,42858.12,0.325445,0.489506,0.332226,0.326044
WOR,56.2700,0.222199,-0.040936,0.095267,0.078705,0.052064,0.067925,0.085361,13016.11,16981.34,21340.20,0.082948,-0.074666,0.378856,0.382710
BLDR,99.4100,0.448772,-0.040259,0.003774,0.018384,0.113455,0.152792,0.200867,28363.74,38198.02,50216.70,-0.049890,-0.505029,0.277969,0.282649
GGG,94.8200,0.188471,0.040075,0.083942,0.075503,0.042746,0.055005,0.067769,10686.55,13751.30,16942.17,0.151265,0.063025,0.361109,0.401429
KWEB,30.6500,0.218761,-0.039794,-0.082819,-0.071737,0.051113,0.066603,0.083554,12778.13,16650.71,20888.40,-0.139770,0.336792,0.420381,0.341291
ICLR,108.2700,1.648408,-0.039653,0.000346,0.029569,0.382558,0.497496,0.621259,95639.42,124373.89,155314.68,-0.426141,-0.673157,0.006905,-0.006905
XLE,57.0400,0.197815,-0.038277,-0.079695,0.001325,0.045322,0.058571,0.072609,11330.60,14642.75,18152.17,0.249507,0.412832,0.412533,0.349751
UFPI,101.3000,0.283479,-0.037953,0.061813,0.085572,0.069092,0.091655,0.117968,17273.04,22913.76,29492.00,0.098937,-0.104586,0.381412,0.378094
SHAK,94.4400,0.484550,-0.037850,-0.011679,0.063254,0.122659,0.165267,0.217401,30664.64,41316.70,54350.30,0.131424,-0.094188,0.247081,0.257303
OVV,52.1600,0.367917,-0.037786,-0.075014,-0.011063,0.092211,0.123756,0.161937,23052.67,30939.04,40484.30,0.288219,0.129885,0.356322,0.332712
APA,31.6900,0.419378,-0.037771,-0.112698,-0.007783,0.105810,0.142385,0.186989,26452.49,35596.18,46747.36,0.261489,0.150717,0.320660,0.286408
AR,37.0800,0.458728,-0.036870,-0.052752,-0.050405,0.116027,0.156284,0.205506,29006.74,39071.00,51376.43,0.083894,0.386687,0.284639,0.260298
ROIV,28.1000,0.648481,-0.036608,-0.013519,-0.039822,0.163647,0.220196,0.289057,40911.69,55049.07,72264.24,0.281350,1.447735,0.130299,0.119975
MDY,658.3600,0.151848,-0.035260,0.034558,0.076302,0.032701,0.041164,0.049132,8175.28,10291.04,12282.93,0.076966,0.259446,0.387689,0.375686
PCOR,55.7300,0.683838,0.034798,0.031173,0.068225,0.172264,0.231624,0.303743,43065.99,57906.11,75935.70,-0.204312,-0.291237,0.067871,0.128267
DECK,114.5100,0.587236,-0.034614,-0.037469,-0.023657,0.148541,0.200065,0.263003,37135.26,50016.22,65750.83,0.072291,-0.258499,0.178933,0.165654
AMT,190.2000,0.324272,-0.034367,-0.000179,0.017677,0.080406,0.107441,0.139728,20101.56,26860.18,34931.89,0.088101,-0.012651,0.376533,0.362249
ALLE,162.5000,0.349721,-0.033890,0.055272,0.084691,0.087324,0.117021,0.152803,21831.08,29255.27,38200.76,0.009881,0.290162,0.340838,0.377189
FXI,36.9000,0.189195,-0.033295,-0.074654,-0.049526,0.042945,0.055281,0.068142,10736.37,13820.21,17035.59,-0.073330,0.646658,0.415734,0.346785
EXAS,103.3500,0.025002,0.032997,0.032262,-0.012221,0.001271,0.000794,0.000304,317.84,198.40,75.95,0.015825,0.745777,0.376227,0.379960
VTV,206.8100,0.103176,-0.032646,-0.015348,0.057111,0.019581,0.023348,0.025746,4895.37,5836.99,6436.54,0.072610,0.376833,0.396651,0.367145
IJH,72.1000,0.152175,-0.032295,0.036935,0.077253,0.032790,0.041286,0.049295,8197.56,10321.60,12323.76,0.077567,0.266732,0.386493,0.376876
HESM,39.4900,0.176540,-0.030858,0.034322,0.056165,0.039463,0.050470,0.061633,9865.85,12617.45,15408.20,0.164345,0.330352,0.388371,0.374471
INSP,64.8100,0.830214,0.029998,0.063396,0.150684,0.207185,0.277528,0.361967,51796.27,69382.04,90491.80,-0.297605,-0.646793,-0.032077,0.039991
XLI,178.9000,0.152705,-0.029930,0.022002,0.060793,0.032935,0.041485,0.049560,8233.73,10371.22,12390.06,0.132422,0.509167,0.389783,0.373577
MTDR,54.1200,0.399655,-0.029389,-0.013726,0.017227,0.100633,0.135311,0.177511,25158.15,33827.81,44377.71,0.257660,-0.095904,0.316873,0.321506
AEO,22.5000,0.477007,-0.029235,0.041517,0.087952,0.120727,0.162653,0.213946,30181.73,40663.34,53486.45,-0.142572,-0.007497,0.240393,0.275821
DT,36.7100,0.508602,-0.029201,0.033689,0.056847,0.128789,0.173545,0.228317,32197.13,43386.21,57079.21,-0.133176,-0.249284,0.219939,0.246814
ESAB,121.6400,0.409458,-0.028827,-0.023815,0.041161,0.103211,0.138837,0.182240,25802.77,34709.18,45560.00,0.080572,0.227641,0.308063,0.314737
IWN,198.9500,0.178415,-0.028210,0.020745,0.059662,0.039979,0.051181,0.062594,9994.69,12795.28,15648.38,0.087931,0.347498,0.389372,0.373423
CRS,408.5000,0.454850,-0.028006,0.025445,0.050631,0.115026,0.154926,0.203703,28756.56,38731.48,50925.63,0.208059,5.338738,0.263642,0.287399
STAG,39.7300,0.239377,0.026262,0.021218,0.056990,0.056827,0.074550,0.094431,14206.77,18637.39,23607.69,0.076111,0.145128,0.375063,0.385957
TREX,40.6800,0.269953,-0.023872,0.086357,0.087128,0.065326,0.086396,0.110716,16331.38,21598.92,27678.91,0.135361,-0.576382,0.374294,0.385691
CIFR,15.7600,1.105319,-0.022881,-0.132310,-0.098349,0.269760,0.358123,0.461069,67440.08,89530.87,115267.25,-0.027161,4.491289,0.035402,-0.035402
TRGP,239.6100,0.220024,-0.021970,-0.037776,0.033371,0.051462,0.067088,0.084217,12865.49,16772.07,21054.19,0.282915,1.465646,0.398638,0.362995
CHRD,113.3200,0.365638,-0.021874,-0.079195,-0.004074,0.091601,0.122917,0.160802,22900.28,30729.32,40200.49,0.196874,-0.220008,0.354098,0.338588
IWM,263.8100,0.192776,0.021475,0.063302,0.076312,0.043932,0.056646,0.069995,10983.11,14161.62,17498.71,0.060415,0.312178,0.368716,0.393707
AM,22.9100,0.186792,0.021305,-0.002748,-0.000509,0.042284,0.054366,0.066902,10570.90,13591.38,16725.45,0.292537,0.893470,0.386428,0.376155
DLR,178.6900,0.228360,0.019635,-0.113683,-0.033178,0.053772,0.070298,0.088606,13442.88,17574.58,22151.62,0.152616,0.235910,0.406148,0.355225
WSC,21.7700,0.470560,0.019232,0.074829,0.062594,0.119073,0.160413,0.210980,29768.13,40103.25,52745.04,0.118131,-0.538907,0.230876,0.295459
APG,44.5800,0.201339,0.018944,0.093216,0.067806,0.046295,0.059919,0.074442,11573.85,14979.78,18610.45,0.143957,0.741406,0.365594,0.396592
MAS,69.8000,0.376804,-0.016457,0.032992,0.080213,0.094581,0.127015,0.166341,23645.28,31753.75,41585.33,0.087309,-0.072367,0.318551,0.356263
CAKE,62.9500,0.390211,-0.016118,-0.013704,0.057199,0.098139,0.131896,0.172920,24534.72,32974.09,43230.10,0.192009,0.876903,0.317073,0.336342
AVTR,8.8100,0.540337,-0.016001,-0.008326,-0.007927,0.136811,0.184344,0.242493,34202.86,46086.05,60623.21,-0.231239,-0.648022,0.204690,0.212606
GTLB,26.1900,0.734601,0.015601,0.012277,0.030591,0.184510,0.247796,0.324395,46127.43,61948.98,81098.80,-0.276119,-0.648315,0.040594,0.078196
BROS,53.2400,0.543639,0.015420,0.031637,0.099759,0.137642,0.185460,0.243954,34410.53,46365.03,60988.41,-0.143501,0.744430,0.177505,0.234658
VXF,218.0200,0.182889,-0.014951,0.034728,0.069838,0.041209,0.052880,0.064891,10302.29,13220.10,16222.77,0.030194,0.301478,0.382887,0.379797
APPF,180.6000,0.536455,-0.014327,0.013952,0.093049,0.135834,0.183030,0.240772,33958.45,45757.57,60192.98,-0.216044,-0.243560,0.193851,0.229483
DBC,25.8100,0.247339,-0.013650,-0.078068,-0.051512,0.059038,0.077628,0.098655,14759.43,19407.01,24663.84,0.152747,0.267612,0.410653,0.350105
COMT,29.0800,0.239405,-0.013231,-0.067741,-0.032398,0.056835,0.074560,0.094446,14208.73,18640.10,23611.42,0.168435,0.275215,0.407218,0.353801
NET,181.0200,0.776276,0.013033,0.025855,0.050594,0.194455,0.260870,0.340980,48613.64,65217.42,85245.10,-0.076523,0.794409,0.005612,0.050004
MKTX,192.0500,0.283285,-0.012058,0.024287,0.022032,0.069038,0.091579,0.117864,17259.52,22894.87,29465.93,0.080350,-0.078897,0.386925,0.372588
SOFI,18.3900,0.512445,0.012014,0.077980,0.089050,0.129764,0.174860,0.230047,32441.00,43715.00,57511.76,-0.330299,1.143357,0.196770,0.263981
RRX,222.0600,0.500459,-0.008285,0.066001,0.083146,0.126718,0.170751,0.224638,31679.51,42687.87,56159.58,0.519918,0.316359,0.213596,0.265883
BTBT,1.7700,0.930722,-0.008161,-0.036370,-0.081238,0.230495,0.307803,0.399680,57623.72,76950.85,99919.89,-0.132353,-0.294821,0.015619,-0.015619
ALB,178.1800,0.677906,0.007367,0.019471,0.027177,0.170823,0.229717,0.301296,42705.82,57429.15,75324.09,0.237963,0.386639,0.085123,0.120083
GDX,115.3400,0.656209,-0.007139,0.001192,-0.025800,0.165537,0.222706,0.292289,41384.15,55676.51,73072.15,0.345387,3.122820,0.113397,0.125025
XLU,47.3700,0.153480,0.006943,-0.043410,0.032158,0.033147,0.041775,0.049948,8286.63,10443.81,12487.08,0.097036,0.601988,0.393232,0.370112
DIA,489.1800,0.136876,-0.006682,0.044991,0.078603,0.028628,0.035591,0.041719,7157.00,8897.71,10429.81,0.013098,0.294103,0.378870,0.384747
AWI,171.9900,0.369464,0.006230,0.039150,0.076074,0.092624,0.124325,0.162706,23156.01,31081.21,40676.60,-0.126289,0.435172,0.318241,0.368316
HLI,163.6400,0.300730,0.005218,0.019975,0.057529,0.073901,0.098377,0.127254,18475.37,24594.25,31813.60,-0.072020,0.331839,0.378802,0.379493
NVST,29.4400,0.564256,0.004511,0.015734,0.080035,0.142812,0.192396,0.253016,35702.94,48099.01,63254.07,0.357308,0.418795,0.168589,0.211571
SLV,81.5700,1.330014,-0.004290,-0.005493,-0.015950,0.318097,0.418838,0.532782,79524.20,104709.50,133195.62,0.240608,2.731473,0.003491,-0.003491
HIW,22.6200,0.434177,0.004186,-0.036014,-0.000175,0.109669,0.147644,0.194012,27417.29,36910.93,48502.94,-0.106646,0.046885,0.286198,0.297452
ARKK,74.2200,0.397333,-0.003520,-0.002018,0.034078,0.100020,0.134473,0.176386,25005.11,33618.37,44096.39,-0.052228,0.464483,0.308811,0.333261
UNG,12.0000,1.154862,0.003423,0.013773,-0.019799,0.280627,0.371894,0.477571,70156.69,92973.50,119392.63,-0.004975,-0.306358,-0.000942,0.000942
MWA,29.6900,0.207033,0.002390,0.092006,0.008856,0.047868,0.062100,0.077411,11967.07,15524.95,19352.63,0.243117,0.962697,0.375727,0.386295
OKTA,73.9700,0.561138,-0.002253,0.016350,0.050002,0.142032,0.191351,0.251652,35507.97,47837.67,62913.06,-0.115615,-0.322991,0.175607,0.209386
MDB,325.0100,0.683798,0.001730,-0.033205,0.020605,0.172254,0.231612,0.303726,43063.58,57902.92,75931.61,-0.186763,-0.259658,0.090587,0.105612
DIN,30.2800,0.362115,-0.001142,-0.017603,0.037188,0.090657,0.121618,0.159042,22664.37,30404.48,39760.53,-0.088501,-0.284502,0.338375,0.359961
ONON,46.7600,0.338697,-0.000739,0.056448,0.054468,0.084340,0.112896,0.147185,21085.09,28223.90,36796.27,-0.004047,0.374082,0.344282,0.382697
COIN,185.2400,0.956407,0.000509,-0.038460,-0.022330,0.236368,0.315385,0.409034,59091.96,78846.14,102258.48,-0.216844,-0.191621,0.007875,-0.007875
SM,24.1900,0.533889,0.000374,-0.043858,0.006636,0.135187,0.182161,0.239632,33796.75,45540.17,59908.10,0.264506,-0.409324,0.209486,0.217842
PCVX,61.9800,0.498458,-0.000338,0.016951,-0.002195,0.126208,0.170064,0.223732,31552.12,42515.90,55932.92,0.334051,-0.133753,0.229066,0.253543
PDBC,15.3600,0.246632,0.000207,-0.069174,-0.038992,0.058841,0.077355,0.098280,14710.37,19338.67,24570.00,0.156627,0.246564,0.404614,0.356167
XLV,158.5300,0.141020,-0.000005,0.013655,0.063465,0.029753,0.037127,0.043755,7438.19,9281.74,10938.87,0.019420,0.121545,0.383385,0.380172
